{"cameraMode":{"drawMode":0,"name":"Shaded","section":"Shading Mode"},"sceneLighting":true,"audioPlay":false,"sceneViewState":{"showFog":true,"showMaterialUpdate":false,"showSkybox":true,"showFlares":true,"showImageEffects":true,"showParticleSystems":true},"in2DMode":false,"pivot":{"x":-43.220001220703128,"y":0.8600000143051148,"z":-75.4800033569336},"rotation":{"x":0.29902032017707827,"y":-0.08145878463983536,"z":0.025656213983893396,"w":0.9504448175430298},"size":26.34238624572754,"orthographic":false}