{"cameraMode":{"drawMode":0,"name":"Shaded","section":"Shading Mode"},"sceneLighting":true,"audioPlay":false,"sceneViewState":{"showFog":true,"showMaterialUpdate":false,"showSkybox":true,"showFlares":true,"showImageEffects":true,"showParticleSystems":true},"in2DMode":false,"pivot":{"x":-44.42185974121094,"y":-7.942143440246582,"z":-54.26101303100586},"rotation":{"x":0.32704606652259829,"y":-0.026634348556399347,"z":0.009222671389579773,"w":0.9445988535881043},"size":22.0,"orthographic":false}